<?xml version="1.0" encoding="UTF-8"?><?xml-stylesheet type='text/xsl' href='_UpgradeReport_Files/UpgradeReport.xslt'?><UpgradeLog>
<Properties><Property Name="Solution" Value="ET99Test">
</Property><Property Name="Solution File" Value="C:\Documents and Settings\Administrator.FT-SILLYCAT\桌面\chinese\Samples\软件保护\C#\ET99Test.sln">
</Property><Property Name="Date" Value="2006年9月27日">
</Property><Property Name="Time" Value="10:15">
</Property></Properties><Event ErrorLevel="0" Project="ET99Test" Source="ET99Test.csproj" Description="Project converted successfully">
</Event><Event ErrorLevel="3" Project="ET99Test" Source="ET99Test.csproj" Description="Converted">
</Event><Event ErrorLevel="0" Project="" Source="ET99Test.sln" Description="Solution converted successfully">
</Event><Event ErrorLevel="3" Project="" Source="ET99Test.sln" Description="Converted">
</Event><Event ErrorLevel="0" Project="ET99Test" Source="ET99Test.csproj" Description="Scan complete: Upgrade not required for project files.">
</Event></UpgradeLog>